Rank,User,Total Points,Wins,Losses
1,Bransen,235.24,1,0
2,Landon,204.36,1,0
3,Jesse,181.0,1,0
4,Luke,142.88,1,0
5,Brandon,159.57999999999998,0,1
6,Ian,158.92000000000002,0,1
7,Zane,132.26,0,1
8,Brayden,127.22,0,1
