Rank,User,Total Points,Wins,Losses
1,Jesse,322.1,2,0
2,Landon,310.84000000000003,2,0
3,Luke,288.56,1,1
4,Bransen,273.8,1,1
5,Zane,250.45999999999998,1,1
6,Brandon,203.44,1,1
7,Ian,231.32,0,2
8,Brayden,215.7,0,2
