Rank,User,Total Points,Wins,Losses
1,Bransen,235.24,1,0
2,Landon,206.26,1,0
3,Jesse,181.0,1,0
4,Luke,174.18,1,0
5,Brandon,213.42000000000002,0,1
6,Zane,165.8,0,1
7,Ian,158.92000000000002,0,1
8,Brayden,146.1,0,1
