Rank,User,Total Points,Wins,Losses
1,Landon,206.26,1,0
2,Jesse,181.0,1,0
3,Luke,174.18,1,0
4,Bransen,260.76,1,1
5,Brandon,213.42000000000002,1,1
6,Zane,165.8,0,1
7,Brayden,159.9,0,1
8,Ian,158.92000000000002,0,1
